<?xml version="1.0" encoding="UTF-8" standalone="yes"?>
<addon id="plugin.video.prezzidentialsports" name="Prezzidential Sports" version="1.0.0" provider-name="Prezzidential">
    <requires>
        <import addon="xbmc.python" version="3.0.0"/>
    </requires>
    <extension point="xbmc.addon.metadata">
        <summary>Stream live sports from ppv.land</summary>
        <description>An add-on to stream live sports events by scraping links from ppv.land.</description>
        <platform>all</platform>
    </extension>
    <extension point="xbmc.python.pluginsource" library="main.py"/>
</addon>
