<?xml version="1.0" encoding="UTF-8" standalone="yes"?>
<addon id="repository.prezzidentialsports" name="Prezzidential Sports Repo"
       version="1.0.0" provider-name="Prezzidential">
    <extension point="xbmc.addon.repository"
               name="Prezzidential Sports Repo">
        <dir>zips/</dir>
    </extension>
    <extension point="xbmc.addon.metadata">
        <summary>Prezzidential Sports Add-on Repository</summary>
        <description>Repository for installing and updating the Prezzidential Sports Kodi add-on.</description>
        <platform>all</platform>
    </extension>
</addon>