<?xml version="1.0" encoding="UTF-8"?>
<addon id="plugin.video.prezzidental_sports" name="Prezzidential Sports"
       version="1.0.0" provider-name="Prezzidential">
    <extension point="xbmc.python.pluginsource" library="main.py" />
    <extension point="xbmc.addon.metadata">
        <summary>Live Sports Streaming</summary>
        <description>Watch live sports streams directly from Kodi.</description>
        <platform>all</platform>
        <assets>
            <icon>resources/icon.png</icon>
            <fanart>resources/fanart.jpg</fanart>
        </assets>
    </extension>
</addon>