<?xml version="1.0" encoding="UTF-8" standalone="yes"?>
<addon id="plugin.video.prezzidental_sports"
       name="PrezZidental Sports"
       version="1.0.0"
       provider-name="Big P">
    
    <extension point="xbmc.python.plugin" library="default.py">
        <provides>video</provides>
    </extension>

    <extension point="xbmc.addon.metadata">
        <summary>Live Sports Streaming</summary>
        <description>Watch live sports events through PPV.Live</description>
        <platform>all</platform>
    </extension>

</addon>
