<?xml version="1.0" encoding="UTF-8" standalone="yes"?>
<addon id="plugin.video.prezzidentialsports" name="Prezzidential Sports" version="1.0.0"
       provider-name="PrezzidentialDev">
    <extension point="xbmc.python.plugin" library="default.py"/>
    <extension point="xbmc.addon.metadata">
        <summary>Live Sports Streaming from ppv.land</summary>
        <description>Watch live sports streams directly on Kodi using the ppv.land API.</description>
        <assets>
            <icon>resources/icon.png</icon>
        </assets>
    </extension>
</addon>
