<addon id="plugin.video.prezzidental_sports"
       name="PrezZidental Sports"
       version="1.0.0"
       provider-name="Big P">
    <extension point="xbmc.python.pluginsource" library="default.py" />
    <extension point="xbmc.addon.metadata">
        <summary>Watch live sports with a presidential theme.</summary>
        <description>PrezZidental Sports streams live events from various sports categories.</description>
        <platform>all</platform>
        <assets>
            <icon>icon.png</icon>
            <fanart>icon.png</fanart>
        </assets>
    </extension>
</addon>