<addon id="plugin.video.prezzidental_sports"
       name="PrezZidental Sports"
       version="1.0.0"
       provider-name="Your Name">
    <extension point="xbmc.python.script" library="default.py" />
    <extension point="xbmc.addon.metadata">
        <summary>Watch live sports with a presidential theme.</summary>
        <description>PrezZidental Sports streams live events from various sports categories.</description>
        <platform>all</platform>
        <assets>
            <icon>https://i.postimg.cc/0M9TNgVm/logo.png</icon>
            <fanart>https://i.postimg.cc/0M9TNgVm/logo.png</fanart>
        </assets>
    </extension>
</addon>